World_Rank,Teaching_Rating,Inter_Outlook_Rating,Research_Rating,Citations_Rating,Industry_Income_Rating,Total_Score,Num_Students,Student/Staff_Ratio,%_Inter_Students,%_Female_Students
1,95.6,64,97.6,99.8,97.8,95.2,2243,6.9,27,33
2,86.5,94.4,98.9,98.8,73.1,94.2,19919,11.6,34,46
3,92.5,76.3,96.2,99.9,63.3,93.9,15596,7.8,22,42
4,88.2,91.5,96.7,97,55,92.8,18812,11.8,34,46
5,89.4,84,88.6,99.7,95.4,92,11074,9,33,37
6,83.6,77.2,99,99.8,45.2,91.6,20152,8.9,25,
7,85.1,78.5,91.9,99.3,52.1,90.1,7929,8.4,27,45
8,83.3,96,88.5,96.7,53.7,89.1,15060,11.7,51,37
9,77,97.9,95,91.1,80,88.3,18178,14.7,37,31
10,85.7,65,88.9,99.2,36.6,87.9,14221,6.9,21,42
11,77.6,70,90.4,98.2,100,87.6,15128,3.6,23,50
12,86.5,64.3,87.8,97.2,43.3,87.4,11751,4.4,20,50
13,80.4,61.9,91.1,99.7,47.9,87.2,36186,16.4,15,50
14,78.1,94.4,91,94.2,40.5,87.1,26607,10.7,46,56
15,85.9,73.5,82.2,98.1,0,86.1,25055,5.9,28,
16,80.8,56.4,88.6,98.5,47.9,85.8,38206,10.3,15,52
17,82,49.5,86.9,98.6,47.9,85.2,20376,6.5,20,51
18,77.9,63.9,86.1,97.2,33.7,84,21424,10.2,19,48
19,75.9,77.8,89.3,90.9,49.1,83.9,66198,19.5,15,
20,76,56.5,78,99,100,82.7,15172,4.8,17,49
21,76.8,53.7,85.2,94.4,56.3,82.4,41786,9,16,48
22,67.4,57.1,88.8,99.1,57.5,82.3,11885,13.1,35,39
23,69.8,93.6,80.6,94.3,32.2,81.3,,,,
24,68.6,89.8,77.2,96.3,36.1,80.3,25774,14.1,36,58
25,69.8,53.9,78.4,96.5,81.2,79.5,18334,13.8,15,48
26,71.7,96.2,84.5,79.4,49.8,79.2,31592,15.5,34,49
27,64.5,93.8,75.8,93.8,40.1,78.2,21394,11.4,37,61
28,60.6,73.1,81.1,92.2,75.8,77.5,7774,11.5,22,70
29,70.5,62.8,77.4,85.7,100,77.3,35691,15.5,13,62
30,74.7,49.3,72.3,95.3,30.4,77.2,42056,6.8,19,55
31,61.3,98.6,67.5,94.6,65.4,76.1,9666,10.5,54,27
32,67.1,51.2,70,98.6,43.1,75.6,44020,11.8,13,53
33,62,87.1,75.5,86.6,64.6,75.4,40128,23.7,35,55
34,60.2,90.5,73.2,91.5,42.6,75.3,50152,17.6,25,54
35,59.9,68.6,76.9,87.3,100,74.8,42503,41.9,18,54
36,64.5,45.8,81.2,86.8,52.8,74.5,42727,18.7,20,47
37,68.8,62.8,69.6,88.2,68.2,74.4,28881,24.5,17,55
38,66.1,85.5,72.1,78.9,40.3,72.6,31326,13.7,23,56
39,56.9,42.9,69.8,98.7,56.7,72.2,27233,6.5,11,48
39,52.6,61.5,66,99.2,90.4,72.2,22020,27.3,11,52
41,57.8,71.5,72.7,86,73.7,72.1,19967,20.1,26,31
42,77.8,49.2,72.4,69.1,100,72,40148,8.3,14,
43,81.4,30.3,83,60.9,50.8,71.1,26199,5.7,10,
44,60.1,58.4,72.7,84.3,57.3,71,35364,13.9,13,54
44,64.6,99.5,72.8,70.1,53.7,71,19835,17.6,38,53
46,59.3,31.7,69.7,92.2,63.1,70.3,49427,17.4,9,51
47,73.3,39.5,83,58.8,100,70,39763,13.7,10,32
47,52.6,70.3,66.9,87.8,100,70,9248,17,21,56
49,63.7,62.6,77,73.6,36.1,69.9,29987,52.5,16,
50,65.1,33,68.2,86.6,48.5,69.7,39655,10.8,11,51
51,62.8,57.8,55.7,96.4,31.4,69.6,8653,10.1,19,
52,54.7,93.3,77.3,72.3,48,69.5,14604,19.2,35,52
53,61,63.8,66,80.1,99.2,69.4,35565,31.5,20,33
54,70.6,85.5,47.7,87.1,37.1,69,2400,7.9,20,46
55,48.4,94.6,61.3,85.6,99.9,68.2,25028,16.2,33,48
56,58.4,87,66,77.3,42,68.1,34938,15.3,34,52
56,54.3,84.4,68.1,77.5,72.4,68.1,41868,20.2,28,57
58,52.2,66.5,64.7,87.4,62.8,67.8,24570,14.4,11,53
59,49.4,80.5,66.1,82.6,68.1,67.2,11385,23.8,36,
60,49.2,89.3,62.8,82.4,76.7,67,34718,32.7,27,53
60,54.3,44.9,55.6,99.2,33.5,67,12528,5.7,17,
62,48.1,55.8,64.3,88.1,89.1,66.6,30779,15.4,7,59
63,58,39,54.5,95.9,39.4,66.4,26518,7.3,8,58
64,57.8,51,49.5,97.7,30.3,66.1,24789,8.6,17,58
65,55,84,73.8,61.5,100,65.9,15920,19.4,25,26
65,53.5,35.3,61,88,98.5,65.9,46825,18,13,52
67,50.5,64.3,63.1,85.2,49.8,65.7,21222,17.1,10,59
68,49.3,56.3,58.9,93,38,65.5,36534,12.9,20,52
69,47.6,82.4,51.6,91.2,40,64.3,17906,14,25,53
70,47.9,86.4,51.9,87.7,34.4,63.6,15489,15.7,24,54
71,37.2,76.1,55.2,95.6,54.6,63.5,20580,18.9,18,48
72,57.9,69.2,72.2,60.2,35.1,63.2,33062,39.3,20,58
73,48.1,87.6,58.5,73.3,79.7,62.5,50882,40.5,36,56
74,43.3,63.9,56.9,84,92.4,62.4,24556,25.6,12,52
75,50.4,40.8,61.9,80.5,56.2,62.3,44501,12.4,12,46
76,41.6,85.8,48.3,92.3,31.6,61.9,22616,16,29,57
76,48.4,51.8,60.4,82.1,31.6,61.9,23505,15.1,6,66
78,47,58.2,59.8,79.3,59.2,61.7,28327,38.9,12,58
79,50.6,33.9,50.3,92.3,39.3,61.5,26485,5.8,10,51
80,47.4,90.3,53.1,78.2,37.7,61.3,18529,16.6,37,48
81,44.1,59.6,61,80.9,39.5,61.2,25266,18.2,12,57
82,49.8,83.3,42.7,86.2,45,61,27545,4.1,19,67
82,40.7,89.5,53.9,82.1,50,61,38309,25.9,33,47
84,47.4,60.3,51.1,80.5,100,60.7,26467,31.2,16,52
85,66.5,30.9,70.5,50,85.4,60.5,26389,13.9,10,
86,49.7,92.3,47.3,78.8,30.6,60.4,8338,12.7,47,56
87,47.8,29.1,44.2,95.7,63.2,60.1,12161,3.6,10,52
88,70.6,26.1,69.3,46.6,79,59.9,22809,5.6,7,
88,37.5,95.5,47.7,82.7,95.4,59.9,15626,18.9,48,56
90,48.3,51,37.1,96.7,48.9,59.7,12338,4.5,18,56
90,39.7,74.1,53.6,81.3,70.4,59.7,28251,11.5,15,
90,51.6,53,46.6,83.2,53.1,59.7,51462,13.4,12,49
93,39.4,87.3,40,94.3,31.9,59.5,17755,18.8,28,54
94,45.1,63.6,47.5,85.3,0,58.8,32474,70.4,13,55
94,54.4,52.7,39.3,82.5,80.7,58.8,15408,8.5,14,53
94,39.8,76.1,44.8,84.9,88,58.8,23823,19.3,15,53
97,42.4,81.9,48.8,80.1,43.4,58.6,23311,15.5,31,50
98,34.1,93.5,41.3,93.3,36.8,58.5,14260,14,40,52
99,49.3,56.4,54.5,72.7,31.8,58,25581,25.6,12,51
99,47.3,56.4,52.6,76.8,32.2,58,44750,15.7,15,51
101,39.5,94.7,33.1,88.3,99.9,57.9,12551,17.3,24,54
101,53.5,92.8,44.6,64.7,82.3,57.9,2429,4.8,30,18
101,37.9,66.6,35.1,99.7,41.7,57.9,6333,9,26,44
104,50.7,38.3,35.8,93.3,40.8,57.8,6178,6.6,16,47
104,49.5,90.4,31.5,85.4,44,57.8,26583,6.5,19,57
106,36.9,76.8,50.7,79.8,68.3,57.7,23895,13.6,14,54
106,39.9,59.2,41.8,91.6,48.9,57.7,26614,16.1,16,52
106,34.5,64.6,47.7,86.9,85.3,57.7,11761,85.8,15,55
108,47.6,47.6,48.1,81.7,33.7,57.6,11829,13.8,10,44
109,33.4,92.6,46.1,83.6,64.5,57.5,20851,20.7,27,50
110,49.4,54.1,56.3,63.2,98.1,57.2,37917,27.6,16,31
110,39.8,88.4,43.6,82,37.5,57.2,20925,13.5,29,53
112,54.2,46.3,53.1,67.2,52,57.1,462,16.5,5,28
113,46.3,84.2,45.5,69.6,92.6,57,38264,20.3,25,57
113,52.8,74.1,32.7,82.9,37.4,57,27862,8.7,18,48
113,50.2,66.4,57.7,63.2,0,57,39256,18.1,22,42
116,49.1,33.7,47.1,76.7,100,56.9,3055,10.1,4,20
117,45,43.5,42.1,88.2,32.3,56.7,31331,8.4,9,48
118,42.1,54.2,54.5,71.2,88.3,56.6,32166,34.1,9,57
119,39.4,82,41.8,82.7,34.7,56.2,25295,16.4,23,54
120,40,83.7,42.5,76.6,82.9,56.1,14708,22.5,14,54
120,34.9,80.2,38.7,85.6,92.7,56.1,20040,12.1,18,53
120,51.8,33.3,56.8,67.7,0,56.1,50095,18.7,9,54
123,51.7,47,39.7,75.2,99.4,56,36146,53.9,9,49
123,43.9,34.7,55.7,75.4,35.9,56,37032,17.3,8,51
125,40.3,46.3,44.1,85.6,58.2,55.9,39838,46.1,8,53
125,34.3,60.9,48.5,84.9,39.2,55.9,17713,13,10,58
127,39.7,36.6,37.6,96.4,35.7,55.8,29325,16.1,8,45
127,45.2,49.4,33.3,90.1,60.7,55.8,10410,10,14,54
129,35.1,92.7,33.2,91.2,34.4,55.7,8747,15.9,37,57
130,34,87,41.4,85.3,33.6,55.6,11512,14.9,33,52
131,34.9,98.5,40.5,78.5,72.4,55.4,15668,15,39,61
131,41.9,83.5,46.3,73.1,31.1,55.4,,,,
133,46.1,40.5,33.2,92,34.1,55.3,9259,6.4,17,48
133,43.7,77.4,39,79.2,36.7,55.3,27703,14.7,21,58
135,43.3,68.2,44.7,75.5,38.3,55.1,27139,18.8,18,
136,34.1,48.5,51.2,82.5,31.1,54.8,31715,23.7,8,62
137,46.4,80.7,48.1,63.6,47.4,54.7,36299,21.6,23,55
138,41.5,81.1,48.5,68.4,37.5,54.5,17916,10.2,22,53
138,37.7,56.7,47.5,73.8,99.5,54.5,25294,24.6,16,26
140,33.4,88.3,37.2,86.1,30.6,54.4,12001,17.4,35,54
141,40.2,48.9,36.3,88.1,52.2,54.3,56959,13,11,49
142,40.8,92.6,50.5,63.6,30.2,54.2,34651,20.5,25,67
143,40.3,80.6,39,77.5,39.8,54.1,30144,15,27,54
144,31.1,45.6,34.2,99.9,36.1,53.9,17404,22.7,1,53
144,30.9,89.2,45.6,76.2,56,53.9,11964,13.1,22,
146,40.3,50.3,40,83.8,34.9,53.8,30538,12.3,10,59
147,38.8,43.4,37.5,87.3,37.9,53.3,23845,10.2,12,52
148,43.3,33.9,40.5,75.9,100,53,9027,10,9,20
149,32.8,85.1,43.2,72.4,79.3,52.9,20771,30.1,26,48
149,31.9,83.5,28.7,92.7,28.5,52.9,14992,14.7,28,58
149,34.1,80.1,45.6,68.8,91.2,52.9,6631,12,26,37
153,51.4,36.7,53.5,53.8,97.5,52.8,24365,20.3,9,39
154,28.4,54.9,37.1,90.7,60.1,52.5,23280,16.3,6,56
155,39,84.4,44.3,63.9,78.1,52.4,12062,14.6,21,30
156,42.2,53.1,38,75,68.5,52.3,43280,43.4,11,60
157,32.8,85.4,30.9,85.9,36.6,52.2,18815,13.6,30,52
158,41.4,47.7,45.8,66.1,99.7,52.1,35487,37.4,12,42
158,39.7,55.8,27.9,89,37,52.1,9390,4.5,26,49
160,41.9,90.5,30.8,75.8,28,52,15521,18,25,57
161,75.4,57.8,66.7,8.6,95.7,51.9,30822,7.7,20,43
161,41.7,64,22.3,90.1,35.5,51.9,15286,5.7,14,50
163,38.7,38.6,41.8,79.5,32.4,51.7,36429,12.7,8,52
164,32.9,63.3,28,90.7,37.2,51.2,10901,18.3,13,59
164,39.3,85.1,37.3,69.9,34.2,51.2,12050,14.8,28,55
164,44.8,28.5,23.7,92.8,0,51.2,6753,5.5,7,53
167,27.5,59.5,33.3,91.2,42.5,51.1,20626,22,12,51
167,32.1,86.6,27.8,86,31.7,51.1,14541,13.4,35,54
167,54.1,27.7,58,47.3,49.6,51.1,31891,11.9,7,39
167,37.3,85.1,29.9,77.8,50,51.1,9990,5,18,27
167,38.7,74.2,40.6,68.4,51,51.1,28856,42,19,54
172,29.7,91.4,31.4,82.6,43.1,51,12938,15.8,33,54
172,31.4,90.5,39.5,69.8,78,51,29787,18.9,28,54
174,38.5,49.2,37.4,78.9,31.1,50.9,47491,12.2,10,62
175,38.5,58.3,46.7,61.9,92.4,50.8,10930,59.1,12,54
176,34.3,71.3,41,70.7,57.3,50.6,8176,16,14,19
176,35,86.3,38.5,70.8,33.5,50.6,22193,24.5,23,
178,45.8,55.6,41.4,64.6,31.9,50.5,17612,10.7,5,55
179,35.4,74.4,43.9,66.5,39.5,50.3,30726,24.2,14,45
180,28.5,58.3,39.8,81.8,30.3,50.2,26420,16.4,12,
180,42.5,45.2,23.2,84.5,71.2,50.2,769,8.5,17,35
182,32.5,70,31.5,82.4,36.2,50.1,11623,11.1,12,60
182,30.9,78.1,31.6,82,34.6,50.1,23347,13.1,23,57
182,35.6,30.1,35.3,83.7,57.4,50.1,25674,16.9,9,45
185,28.3,47,25.7,97.3,38.6,49.9,5495,12.6,22,55
185,25.6,78.5,26.9,90.2,49.5,49.9,11628,15.3,25,60
185,34.6,50.9,35.8,79.1,47.9,49.9,26576,38.4,8,57
188,38.7,64.2,29,79.8,28.8,49.8,27603,15,17,
189,32.4,31.9,38.1,84.6,32,49.7,83236,29.9,9,50
190,31.6,64.8,40.8,71.7,60.3,49.6,12346,30.3,16,56
190,34.1,60,29.3,83.3,46.8,49.6,13216,17.4,19,54
192,35.2,58.2,23.9,86.4,58.4,49.5,9187,11.2,10,47
193,25,99.8,26.7,84.8,38.1,49.4,5144,15.9,52,50
193,49.4,47.8,52.4,47.1,46.4,49.4,50657,21.4,9,47
195,37.3,61.1,22.2,83.8,68.4,49.3,6853,6.6,16,64
196,30.9,84.3,27.5,81.5,34.7,49.2,20174,15.2,29,50
196,25.6,69.5,18.1,100,37.7,49.2,2958,13.4,17,61
198,30.8,55.9,27.4,87.7,47.1,49.1,16841,43.2,8,51
199,30.5,64.9,22.9,91,29,48.9,27756,14.8,17,63
200,34.1,93.4,33.3,68.9,35.7,48.8,17940,17.9,30,54
250,25.1,71,28.4,73.8,43.7,0,17422,15.9,15,48
250,33.5,89.9,35.1,66.3,28.5,0,9454,17.2,38,55
250,39.3,39.9,29.5,73,34.5,0,85532,22.9,7,56
250,36.5,60.6,37.9,62,43.8,0,25668,19,19,47
250,33.9,70.1,36.7,67.8,52,0,28341,16.5,17,53
250,36.6,77.6,35.3,52.2,79.5,0,8605,11.6,15,30
250,32.1,81.6,26.7,76.8,50.1,0,10015,7.1,28,51
250,19.3,88.5,26.5,79.4,35.3,0,18293,42.7,19,48
250,30.4,78.3,29.4,65.2,50.3,0,15064,14.4,18,55
250,32.3,48.5,27,81.3,82.3,0,36051,46.6,11,49
250,41.6,65.6,30,69,31.7,0,2218,8,14,49
250,38.5,41.6,40.1,64.7,32,0,41226,31.8,7,55
250,32.3,87.4,32.9,64.1,60.8,0,10416,46.9,19,58
250,44.7,38.6,30.4,61.1,28,0,32175,12.2,11,50
250,44.7,48.1,23.5,65.7,29.5,0,20541,12,16,56
250,35.8,60.2,28.6,79.3,38.1,0,31861,9.3,15,60
250,32,63.4,35.5,67.7,44.7,0,,,,
250,29.3,79,35.2,63.3,45.1,0,22064,25.9,26,51
250,40.9,58.1,29.2,63.2,38,0,24313,9.2,17,53
250,43,41.2,27.3,74.8,0,0,62468,13.6,13,53
250,41,32.3,26.7,73.5,54.1,0,27526,11.6,11,52
250,34.9,53.3,21.7,72.6,70.7,0,35609,32.6,10,58
250,34.2,58.6,21.6,83.2,31.6,0,16130,12.1,13,
250,32.3,49.4,20.5,89.5,0,0,24444,23.8,8,53
250,37.5,63.8,31.7,62.2,57.5,0,27227,16.2,12,
250,26.6,81.7,14.6,89.1,33.9,0,7426,2.9,28,50
250,35.5,58.7,20.6,84,32.9,0,18539,15.1,26,50
250,27.8,21.4,15.7,96,44.6,0,2838,1.1,3,65
250,30.7,89.9,30.5,74.9,31.5,0,18600,20.3,21,57
250,37.1,69.9,36.7,61.5,41.5,0,36733,26.3,15,60
250,24.6,49.1,28.8,83.3,29,0,34691,26.9,15,63
250,30.8,29.6,17.8,97.4,42.5,0,17155,7.2,8,40
250,30.1,48.8,31.7,76.3,66.3,0,30025,22.2,12,34
250,26,81.7,27.8,74.9,45.5,0,1819,10.9,18,77
250,37.7,21.8,17.4,88.9,45.4,0,1855,2.1,5,71
250,38,34.7,37.3,61.5,32.6,0,120986,32.3,7,59
250,46.7,21.4,36.6,67.2,80.3,0,14290,7.9,2,
250,24.8,45.1,35.7,73.4,99.8,0,31424,21.5,10,
250,32.6,53.2,22,83,33.4,0,21908,10.9,24,50
250,40,52.7,44.5,55.7,99.8,0,24099,45.4,20,31
250,31.5,40.1,32.8,68.1,99.9,0,3879,4.6,,67
250,37.1,54.4,43.2,51.1,99.1,0,20300,53.6,18,28
250,27,90.1,35.1,66.9,42.3,0,24519,44.1,31,53
250,41,47.5,50.5,49.2,42.9,0,23977,24.4,4,
250,24.3,52.3,26.7,86.8,41.8,0,16306,22.8,23,44
250,34.1,71.6,47.1,51.5,57.4,0,7576,22.4,10,49
250,45.3,29.3,42.7,49.4,74.7,0,17200,5,7,25
250,45.6,31.9,47.6,42.2,70.9,0,9586,7.3,13,13
250,20.6,70.2,30,79,36.6,0,17581,21.5,11,56
250,34.6,24.2,19.5,94.8,42.5,0,7326,4.6,5,51
250,38.6,73.6,32.4,59,59.7,0,27387,20.7,16,54
250,38.5,26.6,17.5,85,29.1,0,7867,11.8,7,54
250,26.2,68.4,31.5,76,99.7,0,23321,18.6,9,56
300,31.1,65.4,32.8,62.1,61.6,0,16099,24.2,17,32
300,36.7,63,22.1,64.9,33.1,0,71749,45.5,13,61
300,28.9,84.8,27.9,56.7,36.3,0,12830,18.8,30,46
300,32.2,52.6,31.2,60.1,56.4,0,12520,35.5,8,46
300,35.2,45.4,46.2,49.9,60.9,0,21428,67.8,8,57
300,25.3,54.6,22,71.7,30.6,0,51239,19.4,12,58
300,17.8,63.7,22.6,85.9,43.2,0,5570,25.4,15,67
300,28.5,35.5,30.3,71.8,83.7,0,5287,18.2,12,26
300,31.6,34.5,33,59.3,41,0,26769,19,5,52
300,23.7,41.6,34,70,98.7,0,19262,15.9,10,56
300,21.4,64.7,25.7,69.5,41.7,0,15655,22.6,15,63
300,41.1,39.2,30.5,52.2,30.9,0,33119,19.9,7,57
300,22.5,81.7,25.2,66.3,34.6,0,30251,22,21,
300,16.2,61,16.2,91.4,28,0,13960,25.9,8,66
300,42.7,16.4,47.2,42.4,52.4,0,3318,8.2,1,19
300,31.2,35.4,29.4,61.5,54,0,29991,17.4,11,44
300,19,70.4,22.8,81.4,40.7,0,11713,21.9,11,63
300,32.9,46.8,33.9,52.9,46.4,0,25682,53.9,9,62
300,23.9,93,11.8,76.6,73.1,0,35889,8.4,21,57
300,21.2,53.5,27.1,74.9,82.4,0,4488,14.6,8,52
300,43.9,40.2,43.4,41.8,99.8,0,24043,15.8,14,
300,29.1,69.7,36.6,46.5,98.9,0,20951,25.9,23,54
300,24.2,57.7,18.9,76.8,42.1,0,17866,7.7,10,52
300,37.2,50.4,32.2,54.2,58.6,0,29743,13.3,10,46
300,37.7,23.2,36.6,53,49.5,0,10221,13.5,5,33
300,27.3,76.5,25.4,68.5,41.9,0,14067,26.8,14,56
300,27.4,75.9,26.5,67.2,64.4,0,23508,21.9,18,56
300,36.1,49,30.5,60,40.7,0,30533,13.6,11,44
300,30.6,42.8,28.5,63.8,32.1,0,22578,16.8,9,47
300,46.8,26.6,45.2,37.4,76.1,0,23144,7.8,9,31
300,35.8,61.6,35.8,54.4,54.2,0,20488,22.1,10,58
300,28.8,76,35.6,56,73.7,0,33391,35.8,17,54
300,30.4,40.3,31.5,65.1,79.6,0,6671,15,16,30
300,29.9,90.1,20.1,65.3,33.9,0,2473,15.6,63,55
300,32.8,51.7,30,54.4,66.6,0,38675,46.3,13,48
300,36.9,26.6,10.9,85,29.9,0,11919,5.8,8,58
300,59.1,25.3,57.1,20.4,30.5,0,81402,14.6,4,48
300,23.2,61.4,29.2,72.8,42.3,0,26640,28.3,19,55
300,31.7,90.4,28.9,51.2,34.9,0,12063,16.6,38,55
300,31.4,38.3,20.8,77.1,36.3,0,19660,15.9,15,55
300,21.8,79.1,25.7,68,42.7,0,18340,23.8,21,57
300,29.5,39.3,23.2,81.4,41.3,0,24716,17,5,
300,31.6,32.7,15.1,82.4,60.2,0,11902,6.9,17,39
300,39.1,35.3,19.3,67.8,32.4,0,11381,8.4,8,56
300,20.8,56.1,25,74.5,31.1,0,16667,11.9,7,60
300,34.1,77.3,32,54.6,86.5,0,26419,52,27,27
300,34.9,29.5,38.2,54.2,43.3,0,30850,18.6,10,42
300,25.8,86.8,28.4,59.3,57.9,0,16489,25.4,24,50
300,44.3,19.6,46,36.1,96.2,0,47508,15.9,5,41
350,21.6,72.2,18.9,67.2,31.3,0,9252,19.2,18,48
350,25.1,53.5,23.1,63,51.2,0,3837,8.2,7,53
350,35.6,48.6,30.9,46.9,33,0,28296,13,15,56
350,22.6,81.3,22.1,65.4,31,0,9567,19.5,22,55
350,30.9,50,32.7,50,46,0,18590,25.6,11,50
350,31.3,28.3,20.4,72.1,35.3,0,36108,15.7,6,54
350,35.9,43.1,25.6,57,30.9,0,25742,13,11,51
350,22.4,76.9,21.9,66.8,30,0,32713,30.4,17,60
350,33.9,93.7,33.3,38.6,28.9,0,12695,19.8,39,55
350,29.6,36.9,21.2,64.9,29.1,0,26622,17,7,54
350,30.1,41.7,23.5,61.3,32.6,0,10931,24,6,55
350,35.2,36.2,42,43.7,45.2,0,1394,9.6,8,25
350,30.9,50.3,33.8,51.5,52.8,0,9163,41.2,13,56
350,23.6,95.7,16.9,67.3,39.9,0,18209,16.9,39,54
350,21.9,25.5,12.3,87.5,42.4,0,23321,12.2,6,69
350,24.6,87.2,19.1,60.9,28.8,0,17638,14.4,27,53
350,36.5,43.2,36.9,39,69.6,0,22401,62.7,12,41
350,28.5,90,27.2,52.3,33.1,0,27930,20,44,55
350,25.4,30.4,12.1,85.2,31.8,0,1211,0.6,5,48
350,30.5,37.7,24.2,64.8,40.9,0,58618,24.3,5,60
350,24.3,34.3,25.5,65.8,46.6,0,33370,72.5,5,60
350,38.7,54.4,16.7,59.5,31.9,0,36731,18.4,14,51
350,40.8,27.4,38.9,40.1,91.4,0,15529,7.9,10,29
350,24.7,21.1,14.8,81.3,47.4,0,83653,64.2,1,
350,32.9,32,45.4,34.2,96.9,0,12646,16.6,5,27
350,43.9,27.5,24.1,52.8,28.1,0,7801,7.3,7,29
350,31.7,30.5,43.1,39.1,92.2,0,7446,17.4,11,34
350,31.9,52.6,20.8,57.5,63.5,0,11259,10.6,16,52
350,30.1,45.8,30.2,53.5,35.6,0,21789,16.4,9,46
350,18.3,39.4,10.4,87.8,29.8,0,8788,15.8,2,61
350,21.2,33.5,22.7,72.6,30.8,0,24418,20.2,11,52
350,25.7,37.9,22.6,74.6,32.6,0,62577,18.3,4,56
350,25,40.5,22.5,65.1,69.4,0,22958,40.6,6,56
350,19.3,64,18,75.2,28.5,0,24121,25.9,13,52
350,37.8,27.5,45.2,34,92.9,0,38191,12.8,6,37
350,19.2,71.8,14.7,79.7,28,0,22210,12.7,16,52
350,28.2,49.8,35,46.9,100,0,21849,23,8,53
350,25.5,71.6,23.4,64.4,32.8,0,46208,17.8,21,58
350,34.2,40.8,29.8,55.3,48.6,0,29143,88.9,10,47
350,30.8,61.9,33.3,52.1,28.8,0,13855,19.4,4,35
350,18.6,66.7,35.7,56.3,32.5,0,19011,43.8,19,59
350,26.5,47.3,18.5,74.1,32.3,0,18135,25.8,9,56
350,27.4,38.8,22.3,67.5,54.2,0,67552,66,6,62
350,27.1,66.2,21.2,65.8,31.2,0,12326,14.6,5,61
350,28.7,64.5,24.5,56.8,77.1,0,9020,17.1,16,55
350,18.8,22.3,15.7,85.5,32.1,0,14991,23.9,5,49
350,37.2,41.5,34.1,39.4,75.9,0,24774,11.6,14,
350,30.2,58.2,30.8,49.1,33.2,0,48007,39.4,9,59
400,22.6,47.5,17.5,64.1,30.2,0,,,,
400,22.7,53.6,17.4,62,34,0,15799,23.3,14,48
400,18.6,47,19.2,73.6,34.5,0,14650,26.9,5,63
400,18,74.7,28.5,56.7,30,0,6880,22.9,8,69
400,31.2,46.3,14.6,57.7,36.3,0,20713,10.8,18,48
400,24.8,46.1,20.7,65.1,33.3,0,10798,17.3,6,64
400,21.7,38.5,20.4,72.1,35.9,0,54290,17.2,7,59
400,25.8,97.6,11.2,53.5,41.8,0,6848,10.8,34,32
400,26,69.3,15.8,52.9,77.2,0,7542,12.5,16,22
400,28,53.6,34.2,44.4,47.4,0,21643,28.3,4,60
400,33.9,54.3,32.6,31.1,87.9,0,16729,10.4,19,
400,22.6,75,12.1,67.9,28.8,0,10441,11,25,61
400,34.9,33.9,26.5,52,42.3,0,40325,43.7,9,50
400,37.8,17.7,28.6,48.5,42.3,0,8327,14.9,1,16
400,22.2,43.7,25,59.8,38.8,0,11778,16.9,9,27
400,28.2,47.1,25.5,55.5,34.2,0,9703,15.2,5,62
400,27,78,28.5,45.4,43.7,0,22037,29,27,63
400,31.2,72.9,32.2,41.3,36.6,0,13951,15.9,22,38
400,27.1,57.8,26.9,49.7,41.8,0,28576,27.8,11,55
400,31.2,31,21,60.2,31.1,0,29885,14.1,5,53
400,18.7,34.2,15.6,72.9,32.3,0,19693,25.3,6,54
400,30.8,21.5,13.6,65.5,31,0,12470,15.2,3,54
400,24.6,75.6,22.8,50.2,36.6,0,7653,28,11,55
400,37,37.7,13.3,64.4,33.6,0,2857,2.6,8,67
400,25.6,28.6,15.4,74.5,37,0,,,,
400,16.3,59.9,25.8,59.8,51.8,0,17381,13.9,9,46
400,23.1,56.9,15.9,62.3,30.9,0,14056,8.5,6,49
400,53.2,47.6,47.6,6.8,28.3,0,42215,34.3,20,59
400,23.7,50.6,18.6,65.9,42.5,0,27709,19.6,16,29
400,23.1,35.9,21,64.8,37.5,0,36353,61.2,5,59
400,22.3,42.7,32.3,52.8,70,0,2739,15.9,6,39
400,20.3,25.9,27,62.7,29.3,0,27420,31.7,5,57
400,26.4,89,26.7,41.2,85.9,0,18971,26.2,32,59
400,31.1,24.5,21.5,58.7,30.3,0,29336,16.3,1,55
400,29.3,17.1,12.1,70.4,28,0,8003,17.1,2,61
400,44.6,21.1,42.3,22.6,49.4,0,27095,15.3,3,48
400,22.6,77.7,23.5,59.1,30.4,0,7828,15.9,22,61
400,31.9,37,24.6,45.7,79.4,0,51351,16.6,8,51
400,22.2,72.4,23.8,58.2,32.7,0,12801,17.1,20,49
400,21.5,84.8,20.2,53.4,32.2,0,20314,36.5,33,44
400,23.8,46.1,22.8,64.2,31.5,0,10269,13,3,66
400,34,28.6,18.2,58.3,41.6,0,33268,13.3,5,51
400,18.1,29.6,16.6,74.9,28.6,0,27520,26.9,6,48
400,26.5,66.1,18.7,58.8,36.8,0,10398,12.2,10,60
400,26.1,84.5,28.3,47.9,39.1,0,23819,26.1,32,54
400,15.1,39.4,9.5,81.7,31.5,0,26894,38.5,8,58
400,28.6,75.5,23.8,48.4,47.1,0,15805,22.3,15,55
400,23.6,38.3,13.1,76.1,36.6,0,25250,19.7,7,65
400,26,88.8,28.7,44.3,45.6,0,17142,21.1,21,55
400,29,39.6,28.2,49.6,57.1,0,24550,18.3,7,50
400,31.9,29.6,14.2,65.3,41.7,0,23065,10.7,7,57
500,42.2,28.9,16.5,41.1,35.9,0,11604,12,12,60
500,18.4,92.5,20.4,51.9,34.6,0,,,,
500,24.8,45.9,26.5,43.6,40.1,0,10791,17.8,10,51
500,28.7,31.7,21.6,48.8,45.4,0,51560,65.1,2,65
500,22.6,49.4,21.3,42.3,28.9,0,17503,16,5,59
500,32,70.6,12.6,35.2,28.8,0,14907,25.9,18,53
500,15.6,36.6,14.8,72.3,35.8,0,14076,25,7,48
500,18,35.8,14.7,55.8,33.7,0,23694,21.3,15,27
500,24.8,91.8,23.3,39.5,34.7,0,12613,17.6,38,46
500,23.9,38.1,27.8,48.9,32.3,0,19267,38.3,7,66
500,19.4,32.6,13.2,56.8,33.6,0,30638,51,1,62
500,23.5,91,22.5,38.9,52.1,0,12187,16.5,20,51
500,18.6,39,11.3,55.4,38.7,0,30304,18.9,10,
500,31.5,52.8,21.5,41,28.2,0,51438,13,15,62
500,24,25.7,29.4,45,60.4,0,7983,15.4,8,53
500,23.5,89.6,21.2,43.5,28.9,0,13053,17.8,50,55
500,21.3,50.5,13.2,66.5,34.5,0,35308,16.1,11,50
500,28.3,46.2,26.5,42.4,34.8,0,22795,19,11,55
500,33.2,39.1,27.6,31.2,30.9,0,86519,17.5,13,62
500,19.3,77.4,23.4,36.4,30.9,0,31017,30.3,27,50
500,20.1,93.1,20.2,44.6,37.8,0,30333,17.1,38,53
500,26.1,76.7,25.2,36.3,51.7,0,8546,22.9,17,51
500,24.1,21.7,17.1,46.4,64.7,0,27140,15.5,5,
500,23.9,34.3,18.3,50.4,57.6,0,17625,14.4,6,100
500,17.2,54.1,10.1,70.5,35.1,0,11718,34,2,24
500,17.7,41.8,17.2,63.3,35.9,0,18882,30.2,7,56
500,25.7,32.8,18.1,49.4,32.7,0,32566,25.9,7,56
500,27.2,38.8,14.2,59.3,42.3,0,37373,29.5,9,56
500,26.3,29.5,19.5,52.9,28.7,0,28534,20.4,5,59
500,24.9,68.9,16.3,53.3,29.3,0,20584,26.8,12,65
500,23.4,90.1,22.4,36.4,45.6,0,8773,17.8,43,41
500,40.3,27.9,32.8,29.3,53.7,0,18162,8.2,9,29
500,38.8,30.3,11,44.5,0,0,10297,6.8,5,65
500,22.4,73.2,16.1,41.1,31.8,0,15141,18.7,20,52
500,28.3,32,19.4,40.8,32.4,0,11641,21.5,6,47
500,35.8,15.5,25.8,33.4,62.8,0,8371,17.3,1,18
500,33.2,13.3,30.5,41.4,31.7,0,9928,17.5,0,15
500,34.6,16.1,20.7,31.4,88.9,0,8234,15.9,1,19
500,14.5,36.9,17.7,56.4,32.9,0,20825,36.3,4,58
500,25.9,12.2,26,42.3,61.2,0,10311,23.9,0,24
500,19.2,58.5,13.8,51.6,37.4,0,19646,29.1,10,48
500,29.6,44.1,22.6,47.5,80.2,0,14184,54.4,14,36
500,20,72.7,17.6,53,29.3,0,8397,15.7,20,55
500,20.3,58.6,25.7,41.5,38.2,0,30572,24.9,6,58
500,26.1,46.4,27.6,39.2,89.4,0,24356,17.4,14,
500,36.5,26.4,27.5,31.8,83.2,0,18925,6.7,8,28
500,23.9,36,15,58.2,38.9,0,6300,11.3,15,44
500,26.8,26.1,27.7,37.8,0,0,28116,20.1,6,52
500,18.5,98.4,17,49.7,34.9,0,8521,14.9,31,58
500,15.1,58,10.6,70.7,28,0,37340,29.4,9,50
500,15.2,27.3,11,80.2,28,0,16589,23,4,45
500,21.3,28.2,18.2,61.3,31.7,0,13908,18.1,7,46
500,18.7,88.3,19.6,51.2,36.5,0,16606,32.8,43,59
500,19.6,35.1,12.2,69.4,0,0,33866,22.2,11,56
500,26.7,39,16.3,45.8,0,0,63052,32.3,9,61
500,42.7,35.9,40.2,14.8,63.7,0,137378,11.6,5,51
500,29.8,27.7,40.2,27.2,100,0,21234,14.4,11,36
500,27,63.6,10.6,41.8,40.3,0,6137,8.2,31,31
500,41.5,15.8,18.5,33.3,30.2,0,4496,5.4,2,48
500,24.2,91.4,14.7,48.2,0,0,4358,8.5,22,59
500,26.9,44.5,21.9,38.3,41.3,0,18867,17.9,7,49
500,21.4,79.5,16.1,53.7,28.5,0,27304,20.3,22,56
500,41.4,32.4,30.8,26.2,38.2,0,7131,7.1,13,52
500,21,51.5,13.8,60.3,28.4,0,76683,35.9,9,61
500,25.7,68.9,18.8,42.7,28.4,0,14238,18.5,25,57
500,15.3,23.6,9.1,77.4,28,0,43875,22.4,1,60
500,17.7,36.8,16.6,56.4,37.1,0,26937,29.1,7,56
500,21.6,31.1,18.9,64.5,31.4,0,47247,18,4,52
500,25.2,63.9,14.8,44.7,40.9,0,22893,11.7,28,12
500,28.2,52.4,21.3,37,28,0,25075,15.3,7,
500,32,45.4,28.2,37.2,38.7,0,32720,18.8,9,54
500,17.2,79.3,10.9,58.2,28.9,0,20161,19.1,23,45
500,24.7,82.1,17.7,44.6,37,0,29501,18.1,25,47
500,23.5,36.5,17.2,64.5,34.7,0,33504,26.5,6,52
500,20.8,41.5,14.8,66.9,30.9,0,12533,12.8,9,61
500,47.9,33,31.4,14.5,29.5,0,20836,5.2,7,60
500,29.6,24.5,13.2,53,36.2,0,19959,58.4,1,64
500,34.2,40.1,12.9,43.8,28.6,0,10788,17,17,63
500,30.8,52.9,22.4,39.7,62.9,0,19028,16.3,14,57
500,26.6,15.9,30.1,33.7,87.8,0,10977,18.7,0,27
500,23.7,39,17.8,45.2,33.2,0,18846,23.6,5,59
500,18.9,52.7,18.3,53.3,37.7,0,9026,32.8,15,66
500,25.6,31.4,35.3,35.5,28,0,15387,18.5,8,51
500,25.9,71,28,31.8,44.1,0,15705,20.2,20,50
500,23.5,41.9,13.7,63.7,40,0,10045,9.5,4,66
500,23.1,54,17.2,45.5,67.5,0,6147,15.5,13,23
500,39.3,23.1,18.3,36.6,59.5,0,2872,3.3,7,51
500,21.6,19.9,11.4,72.2,30.9,0,9303,9.9,4,35
500,40,34.4,30,33.7,42.9,0,15930,12.6,16,38
500,19.5,18.6,20.5,54,64.7,0,14037,13.3,3,
500,19.1,79,13.2,44.1,29.2,0,19622,15.8,15,55
500,26.8,42.9,24.5,41.6,29.2,0,27046,24.7,9,61
500,26.3,51.7,14.6,44.7,31.1,0,16270,9,13,43
500,17.2,35,8.7,66.8,31.2,0,13435,37.4,7,61
500,22.7,40.5,16.9,49.6,31.3,0,58413,15.4,9,60
500,19.3,87,18.2,53.7,30.7,0,10159,17,25,57
500,20.1,54,24.6,52.3,30.7,0,30704,32.2,9,56
500,38.2,36.7,26.8,18,97.8,0,46227,14.4,7,
500,26.7,25,15.6,47,0,0,32921,12.3,5,52
600,27.7,93,11.2,31.9,0,0,7695,8.9,25,51
600,24.5,7.7,25.7,34.8,55.7,0,14080,25.6,1,34
600,21.2,51.7,13.8,31.2,28,0,15773,16.9,2,44
600,25.5,25.9,17.4,30.3,36.9,0,22819,21.2,5,50
600,30.2,27.9,19.4,21,37.2,0,22386,17.6,4,51
600,27.9,35.4,12.5,32.1,28.6,0,37915,23.5,2,67
600,18.2,34.9,11.9,43.1,30.3,0,46373,15.3,5,53
600,44,15.6,23.7,3.1,68.1,0,18808,4,4,23
600,25.1,52.9,21.3,30.1,28.7,0,16695,12.6,2,49
600,20.2,66.6,2.9,46.9,0,0,15619,7.1,17,55
600,21.2,38.3,17.2,45.4,35.5,0,11506,25,7,50
600,21.4,50.9,8.8,46.3,0,0,26612,20.8,11,54
600,18.4,54.6,19.3,29.8,36.2,0,11221,28.6,24,54
600,19.9,61.3,24,32,30.4,0,25036,29.8,18,47
600,19.2,25.3,15.9,52.9,29.5,0,55859,49.7,1,61
600,20.9,50.8,11.4,43.7,32.5,0,11452,29.6,27,59
600,28.3,44.1,19.6,30.5,0,0,29207,14.2,3,47
600,35.8,17.6,24.9,22.6,52.3,0,19342,12,1,57
600,29.9,43.7,27.6,17.4,61.3,0,13015,17.4,17,45
600,20.6,25,9.3,46.5,28.2,0,22751,12,,0
600,16.8,58.4,10.1,40.1,28.5,0,16812,19.1,21,57
600,24.6,30.6,14.7,43.3,42,0,29623,14,11,63
600,18.9,68.7,16.1,35,34.5,0,27491,16.1,16,61
600,32.4,25.1,19.7,18.3,42.9,0,52878,12.8,2,54
600,24.3,36.4,14.7,45.8,29.4,0,53476,16,6,56
600,25.5,34.7,29.5,26.2,30.3,0,17758,30.8,1,65
600,29.4,25.6,27.3,15.7,99.8,0,31658,10.8,7,29
600,15.5,78.9,9.5,50.5,29.3,0,19665,19.4,27,54
600,27.8,22.2,18.9,41.7,42.2,0,14686,8.2,5,36
600,29.3,17.3,22.7,31.6,71.8,0,57242,17.7,4,34
600,24.3,12.9,20.7,42.6,32.3,0,4710,14.2,1,14
600,33.1,16.4,15,31.5,28,0,6167,12.2,0,13
600,29.7,13.9,17.5,37.2,81.4,0,8061,18.7,1,17
600,18.1,17.2,23,39.5,99.5,0,10964,26.5,1,39
600,19.2,22.9,25.8,26.5,72.1,0,34550,16,5,34
600,32.8,7.7,22.2,31.8,33.8,0,10697,16.1,0,30
600,24.7,18.4,14.8,35.5,30.4,0,10546,10.4,5,36
600,22.9,41.7,17.5,39.3,43.1,0,21379,15.1,10,50
600,25,22.7,17.5,28.5,41.4,0,33751,11.9,5,32
600,18.4,32.4,14.2,53.8,28.5,0,23122,19,8,58
600,25.4,84.5,16.1,24.4,81.2,0,6898,7.1,20,0
600,20,75.5,17.5,22.3,57.4,0,40666,13.4,7,
600,16.9,44.7,10,44.8,28.5,0,22422,14.9,5,58
600,27.1,53,27.5,20.8,80.3,0,3486,23.9,19,31
600,19.8,76.5,16.3,36.6,34,0,12212,19.8,13,46
600,25.9,46.6,18.3,32.4,35.4,0,47849,17.5,9,51
600,16.4,62.1,11.6,45.9,28.8,0,18513,19.8,13,52
600,26.8,44.1,15.1,28.3,71.6,0,27402,7.5,3,63
600,22.7,57.8,10.6,30.8,28.3,0,28037,18.2,14,57
600,17.1,33.6,11.5,42.1,38.7,0,14531,17.3,4,
600,21.2,48.9,22.9,27.8,28.5,0,40898,26.6,17,62
600,23.1,80.5,17.1,31.9,35.8,0,19101,16.8,15,62
600,18.1,53.3,15.8,35.6,48.3,0,15464,14.6,10,59
600,29.9,26.7,17.3,28.8,60,0,25779,22.2,7,44
600,23.9,43.6,20.1,35.3,51.6,0,19090,18.8,9,52
600,23.5,40.6,18.4,28.7,52.8,0,7647,15.5,12,23
600,17.7,23.5,21.8,48,43,0,12331,17.8,4,46
600,23.9,59.6,12.7,23.4,75.8,0,14353,20.5,12,40
600,26.3,27.1,23.2,17.5,75.3,0,10915,9.8,6,31
600,26.1,19.7,33,25.8,44.3,0,9336,19.6,4,37
600,26.2,38.1,31.3,16.2,81.9,0,11072,13,19,57
600,20.2,31.3,15,36.2,40.3,0,14780,26.9,7,36
600,18.9,48.5,16.6,32.2,32.2,0,10646,26.2,17,25
600,19.5,30.5,19.2,47.2,34.6,0,15035,18.8,7,54
600,18.2,17.4,15.3,43.1,28.9,0,16446,19.2,2,66
600,27.5,25.6,22.7,33.1,33.7,0,21270,21.4,7,49
600,26.3,21.3,13.4,34.4,40.7,0,8604,10.1,4,36
600,22.9,43.9,14.4,39.7,37.7,0,14104,13.1,13,42
600,19.5,36.2,10.8,41.9,34.1,0,24210,13.7,5,54
600,19.2,48.8,11.8,42.9,28.7,0,18540,11.4,9,70
600,24.6,14.1,8.8,41,28.1,0,16691,23.9,1,46
600,21.9,69.3,11.1,27.6,30.6,0,9565,15.4,28,53
600,24.5,31.3,24.1,23.1,100,0,14300,21.2,3,49
600,16.8,31.6,14.4,43.3,44.6,0,20398,22.2,8,54
600,25.6,46,21.2,17.5,52.4,0,37314,20,8,57
600,27.5,32.9,24.7,20.4,66.8,0,24929,19.7,12,51
600,17.9,35.4,9.9,45.6,0,0,12688,25.7,0,53
600,15.6,47.7,15.8,34.2,34.4,0,11550,22.8,12,61
600,34.7,40.1,13.7,30.7,42.5,0,24954,12.7,6,
600,17.8,53,10.3,44.7,31.7,0,22186,13.9,12,50
600,26.1,40.8,16.9,25.9,31.6,0,31035,17.9,12,58
600,22.9,37.1,14.1,46.9,32.3,0,29085,15.3,6,63
600,19.6,81.7,10.6,41.5,30.7,0,12920,10.9,25,64
600,21.5,32,14.9,32.6,36.7,0,64931,17.5,7,55
600,25.6,39.8,9.5,41.3,29.6,0,13438,5.4,5,54
600,19.2,16,13.7,45.8,75.3,0,36465,12.9,2,78
600,19.5,17.5,22.1,28.1,86.8,0,41438,17.7,3,33
600,16.3,37.9,15,38.7,44.8,0,14061,28.6,5,44
600,51.8,14.1,20,9.3,30,0,13912,9,1,62
600,20.1,50.3,10.1,50.9,33.4,0,29396,10.5,10,60
600,36.5,14.7,34.4,12.2,100,0,29693,12.2,1,
600,34.9,19.4,24.1,16.9,39.9,0,5865,14.4,5,27
600,31.6,37.7,13.4,29.9,32.9,0,19465,17.5,9,50
600,28.9,37.2,29.2,13.1,63.5,0,37394,13.5,10,38
600,29.7,43.8,12.9,24.6,71.7,0,4597,12.5,25,43
600,18.8,95,14.8,21.7,30.1,0,9221,12.5,26,76
600,26.1,41.6,15.8,42.2,28.5,0,49292,14.1,7,67
600,17.3,26,13.8,45.5,29,0,22542,18.4,5,52
600,28.7,25.8,22.5,25.5,70.4,0,29863,12.3,4,34
600,20.1,33.5,12.7,49.5,36.7,0,31046,11.8,5,55
800,18.3,23.4,10,16.6,38.2,0,17062,13,2,52
800,20,25.7,11,15.3,28.7,0,40633,15.6,1,71
800,14.2,17.9,3.7,35.7,0,0,35569,17,1,0
800,19.5,20,11.9,23.9,45.7,0,12706,11.3,2,33
800,17.6,50,11.2,28.3,43.3,0,30812,25.1,18,53
800,20.3,33.7,8.2,14.1,29.7,0,127431,23.3,1,46
800,24.9,46.9,13.6,7,28.2,0,25724,33,5,63
800,28.3,18.7,10,20.9,29.6,0,11197,10.5,2,17
800,12.4,95.6,10.6,13.3,33.3,0,5226,14.1,82,48
800,20.4,29.6,5.8,20.7,28,0,17273,6.6,8,
800,12.2,14.3,22.6,10.9,100,0,379231,162.6,1,78
800,34.8,7.2,6.9,1.2,31.3,0,10407,20.2,3,36
800,18.1,42,21.1,14.8,43.6,0,38872,23,1,50
800,22.6,36.6,15,29.5,33.6,0,46288,22.2,9,52
800,14.4,18.3,15.9,30.5,38.4,0,12119,26.3,3,53
800,13.4,39.2,18.8,31.2,66.5,0,13167,57.5,6,47
800,17.3,95.6,9.8,21.7,28.5,0,18981,18.1,38,58
800,16.7,45.2,9.7,14.2,41.1,0,13794,17.8,1,47
800,25.9,16.9,21.7,9.1,87.6,0,,,,
800,20.2,48.2,8.7,6,28,0,29303,10.6,6,69
800,20.4,30.5,13.2,14,45.6,0,96968,28.3,5,60
800,18.3,13.7,8.3,17.4,29.6,0,11837,19.5,0,22
800,18.7,79.1,15.9,22.7,32.7,0,11065,20.5,32,53
800,21.9,24.1,7.4,10.4,0,0,45880,14.5,2,52
800,16.7,62.8,10.7,20.1,29.4,0,16924,19.5,19,58
800,34.3,21.3,11.5,9.9,29.5,0,31806,24.9,2,70
800,17.1,30.4,13.7,21.6,39.7,0,22447,22.1,4,32
800,18.9,31,11.1,11.9,30.3,0,231941,39.1,3,47
800,34.7,13.1,8.7,19.8,29.2,0,18511,32.5,0,
800,11.6,18.9,10.4,23.3,0,0,29594,32.3,5,58
800,26.3,18.8,14.9,16.3,28.8,0,11506,7.1,3,70
800,18.4,28.6,10.3,30.5,29.7,0,26381,14.3,3,56
800,15.7,54.1,9.4,28.2,28.9,0,18542,17.5,17,57
800,18.7,49.1,6.3,13.2,28.6,0,17000,9.2,11,53
800,19.3,15.7,24.7,27.6,31.9,0,7506,12.6,0,42
800,23.2,44.7,17.4,24.8,34.8,0,15730,11.4,9,43
800,21.6,46.3,12,17.4,38.9,0,4699,11,19,
800,17.8,34.9,9.4,30,32.3,0,35617,16.5,1,19
800,26.9,21,16.8,24.8,55.3,0,14554,12.3,5,37
800,21.1,16.1,21.4,21.5,64.5,0,29483,20.7,3,
800,23.6,15.9,26.6,4,100,0,14579,19.4,6,
800,19.7,27.2,14.7,24.5,33.3,0,23270,15,3,45
800,19.5,15.5,15.5,8.7,73.8,0,43955,16,3,
800,17.5,20.4,11.7,29.1,31.4,0,35779,18.5,3,41
800,23.8,32.8,14.1,16.7,37.8,0,38719,14.5,2,59
800,15.9,18.7,22.1,17.4,41.9,0,15020,30.2,3,41
800,23.2,19.8,17.7,13.2,39.9,0,18361,17.2,3,
800,21.4,34.6,19.7,27,35.8,0,19198,17.1,8,46
800,23,46.9,10.3,19.6,28,0,20879,9.7,10,54
800,17.1,69.6,7.7,18.4,29.1,0,21934,14.8,35,47
800,22.6,20.7,19,23.5,93.3,0,34326,15.2,2,33
800,17.3,49,11.4,20.9,0,0,29714,20.3,13,57
800,29.8,15.4,10.8,19.1,28.2,0,32567,22.9,1,50
800,21.7,37.2,7.2,9.6,0,0,62716,6.9,5,34
800,16.1,70.5,8.8,20.7,28.1,0,13839,18.9,25,41
800,19.2,20.9,11.3,17.5,37.8,0,8394,9.9,1,39
800,20.5,13.4,12.9,8.8,28,0,21689,9.8,0,21
800,21.3,43,12.1,30.6,29.3,0,28698,22.4,4,
800,15.5,17.2,10.9,18,30.3,0,28079,28,2,46
800,18.2,19.7,8.1,14.3,0,0,39861,17.9,1,47
800,27.9,21.6,15.4,23.1,30.7,0,42612,13.5,1,55
800,24.6,15.5,9.6,7,0,0,21850,11.2,1,
800,32.6,18.9,13.7,16.8,0,0,38743,14.8,1,50
800,26,21,12.2,14.2,42.9,0,26078,12.6,1,48
800,29,16.8,10.8,11.5,0,0,18587,16.9,0,
800,39.7,15,14.5,3.9,59,0,13163,11.4,3,70
800,25.8,14.5,16.4,3,0,0,10350,20.9,2,53
800,14.6,21.1,13.7,34.4,33.9,0,20213,23.9,7,36
800,20.4,62.4,13.5,24.6,33.4,0,4408,13.7,26,34
800,14.4,19.1,9.8,18.2,47,0,25951,22.8,4,59
800,15.5,16.1,9.5,15.2,36.8,0,25217,23.3,1,39
800,15.6,48.4,15.6,19.5,0,0,37274,37.5,2,41
800,25.4,18.5,16.9,14.7,32.8,0,7318,12.4,4,35
800,17.1,55,10.4,24.2,29.9,0,13527,21.6,16,60
800,15.7,81.8,9.5,17.7,30,0,18096,24.6,32,53
800,21,19.6,11.8,19.7,28.2,0,39606,20.4,4,56
800,17.4,55.2,5.4,16.5,28,0,15436,18.1,25,54
800,18.3,14.8,15,21.2,46.7,0,42756,24.7,2,43
800,22.7,26.1,11.1,4.6,29.2,0,26247,17.1,1,45
800,18.1,37.2,8,13.9,40,0,43565,15.8,0,51
800,20.7,23.5,20,22.5,64.7,0,20353,24.1,3,36
800,12.8,24.8,11.5,13.3,41,0,16263,29.9,10,45
800,26,20,23.3,10,100,0,82096,41.1,6,44
800,24,33.5,14.4,30.7,28,0,42835,11.5,5,67
800,28.2,20.3,14.4,14.6,42.1,0,65605,13.6,3,46
800,19,53.7,7.7,7.8,28.8,0,35577,13.6,13,67
800,16.4,62.2,6.2,16.4,31.4,0,24686,16.4,23,55
800,32.3,16.7,10.5,24,51.1,0,3955,3.7,1,52
800,20.9,7.1,18.1,22.5,45.5,0,7146,24.6,0,32
800,20.6,19.9,22.2,20.5,33.2,0,7009,12.6,5,56
800,18.2,31.5,7.4,19.9,35.7,0,39669,16.9,1,62
800,18.2,28.5,11.4,36.2,70.3,0,17791,23.7,1,42
800,16.9,76.8,12.1,26.7,28.5,0,20778,20.9,34,53
800,18.5,17,7.9,30,33.2,0,31216,11.6,2,
800,27.8,21.1,15.4,24.3,45.1,0,15885,8.4,6,33
800,20,22.6,19.6,17,36,0,26483,23.5,6,47
800,23.4,22.2,11.6,28.1,43.1,0,10226,7.6,5,37
800,21.1,21.7,16,18.1,34.9,0,27152,14.4,4,42
800,19.4,20.7,12.5,14.2,44.1,0,5890,12.1,4,11
800,22.6,31.5,10.2,20.9,28.3,0,15100,26.5,3,68
800,20,60.3,8.6,32.4,31.8,0,19599,14.5,18,41
800,17.9,60.5,11.9,26.4,29.3,0,10665,18.9,11,54
800,24.9,34.5,13.6,24,32.3,0,48821,17.6,4,60
800,17.4,42.7,6.3,12.1,29.2,0,56060,38.7,1,46
800,19.2,24.8,15.7,36.1,30.2,0,16370,20.5,7,53
800,18.5,81,10.6,25.7,0,0,17753,24.7,44,59
800,34.3,44.4,16.3,15.5,28,0,5395,7,12,
800,19.3,28.3,11.7,28,29.5,0,31460,15.8,6,62
800,22.8,21.9,10.8,14.3,0,0,9137,7.2,4,36
800,13.7,45.5,9,19.5,28,0,72676,47,1,40
800,18.4,33.1,12.5,14,31.3,0,16867,18.4,10,57
800,21.3,14.2,20.3,15.7,40.8,0,11989,22.9,1,
800,20.2,16.9,16.8,24.5,42.5,0,15632,20.3,4,39
800,17.8,16,14.6,16.4,81.3,0,10227,16.5,3,25
800,18.1,20.3,21,18.2,49.3,0,8240,20.9,5,30
800,16,28.1,9,12.5,28.6,0,108373,38.1,2,62
800,24.8,33.7,17.5,10.8,67.2,0,4441,6.7,13,43
800,21.4,31.3,7,35,31.3,0,9808,7.8,3,27
800,21.9,19.3,10.1,17.5,33,0,12460,8.5,3,37
800,17.7,55.1,10.9,29.2,29.1,0,22750,19.3,16,55
800,23.4,15.2,15.4,3.5,28,0,23056,14.1,3,25
800,16.5,52.7,8.9,27.3,28.4,0,21852,17.4,18,55
800,18.1,23.3,11.9,21.9,30.3,0,14584,19.8,2,60
800,18.9,15.6,10.7,12.9,50.1,0,36205,20.6,1,40
800,25,33.6,14.9,24.6,30.1,0,22224,20,10,50
800,24.3,20.6,14.9,25.3,48,0,13035,8.6,3,38
800,21.6,17.6,10.2,17.5,41.5,0,8051,7.5,3,36
800,15.9,23.4,11.9,11.1,28.3,0,10671,19.8,4,55
800,17.5,46.4,11.6,36.2,28,0,23026,23.4,22,60
800,31.1,44.2,21.3,7.1,28.5,0,21580,27.4,21,69
800,18.5,30.6,12.1,28.8,48.3,0,29251,40.9,4,46
800,19.7,50.8,9,23.4,28.4,0,21819,15.4,10,
800,20.3,32.9,12.7,34.3,43.8,0,33172,13.6,7,36
800,18.4,18.6,6.5,32.2,28,0,7741,10.9,2,1
800,21.1,18.7,10.9,27.6,52.3,0,14797,10.1,0,50
800,18.4,35.7,8,10.4,44.3,0,13493,10.4,0,45
800,15.3,31,7,22.2,31.6,0,38274,16.1,1,69
800,9.9,99.9,10.3,22.3,55.2,0,9583,19,42,74
800,21.7,16.8,9.1,12.3,30.8,0,28757,10.1,0,46
800,17.4,29.8,13.4,25.1,30.4,0,12965,13.5,13,34
800,18.6,20.6,9.6,23.4,29.6,0,7469,11.7,2,33
800,20.8,66.4,12.1,21.2,28.8,0,16152,17,25,51
800,17.6,40.4,11.3,10.2,31,0,22739,23.6,1,39
800,28,18.7,22.6,6.7,40.1,0,50594,13,5,52
800,38.3,17.3,12.4,11.4,29.3,0,4858,14.6,3,25
800,25.1,15.6,22.4,6.9,89.7,0,22780,15.1,4,36
800,18.9,25.2,12.2,38.7,35.4,0,11704,15.5,3,43
800,22.8,18.7,17.5,21.4,28.9,0,10243,19,3,36
800,20.5,13.8,19,11.4,58.9,0,17800,24.9,1,52
800,19.1,15.8,16.1,14.8,45.7,0,46044,17.5,3,48
800,17.6,30.7,9.1,28.3,30.7,0,9593,13.5,0,48
800,17.3,47,9.4,20.1,28.6,0,27477,18.8,15,53
800,20.8,20.3,8.3,22,31.6,0,11232,9.6,3,
800,28.5,14,7.9,7,0,0,3675,2.5,0,57
800,25,15.7,18.4,16.1,90.8,0,65035,14.5,2,48
800,17.7,18.5,8,20.4,28.1,0,32764,17.3,1,65
800,23.3,30.6,8.6,24.9,33.2,0,16400,15.3,2,31
800,21.5,27.7,24.8,20.5,46.8,0,10625,24.1,7,43
800,22,32.8,9.4,5.3,29.5,0,12799,24.3,8,53
800,18.4,28.7,11.3,9.4,28.8,0,197102,108.5,9,65
800,21.9,17.3,8.2,9.2,39.5,0,27556,9,3,56
800,21,20.8,11.8,20.1,39.9,0,14569,18.5,3,63
800,18.4,63,13.1,14.4,28.8,0,13761,29.2,21,55
800,22.6,31.6,5.9,16,0,0,16817,6,,65
800,21.3,71.5,10.6,16,37.6,0,7089,9,3,50
800,21.1,25.9,11.6,18.4,38.1,0,12650,32.9,1,50
800,20,46.9,10.5,20.5,33.2,0,22684,13.8,9,58
800,25.7,26.5,21.7,19,42.2,0,6001,11.1,6,58
800,27.9,28.2,11,4.2,28,0,22686,8.2,2,45
800,21.8,39.5,14.6,24.5,38.3,0,41500,13.8,11,32
800,26.1,16.5,16.9,15.8,0,0,53802,27,1,45
800,18.6,30.4,18.7,18.4,0,0,19123,29,7,54
800,27.9,36.8,17.2,22,0,0,29512,20.9,7,46
800,17.9,19.3,7.6,15.3,34.4,0,29700,12.7,1,27
800,25.3,16.8,21.6,12.8,59.6,0,7519,8.9,3,34
800,27.9,24.5,12.4,7.7,57.9,0,2597,11.1,7,34
800,23,15.4,24.1,21.4,37.6,0,20243,25.7,2,20
800,34.8,36.9,20.8,7.6,44,0,10413,9.9,12,60
800,24.3,16.7,10.1,9.6,34.5,0,6248,8.2,2,34
800,22,25.4,18.9,15.8,50.3,0,2153,9.3,9,9
800,24.3,29.7,15.9,10.9,28.4,0,24227,11.8,12,62
800,25.3,50.1,20.9,10.2,34.2,0,23883,12.2,16,63
800,26.9,44.2,16.6,12.4,34.4,0,28179,14.8,10,61
800,15.2,14.8,7.7,18.2,28.3,0,69268,16.8,0,65
800,24.8,17.3,10.6,16.8,35.6,0,28427,10.1,3,48
800,21.7,48.4,8.9,1.7,28.8,0,14410,9.7,22,53
800,18.4,30.7,10.5,31.8,38.1,0,22793,19,3,51
800,18.3,40.8,13.6,26.1,41,0,19019,14.2,4,65
800,19.4,20.7,8.5,40.3,47.4,0,34572,14.5,3,34
800,23.6,29.7,14.6,29.4,32.4,0,52316,16.9,8,35
800,16.3,23.1,9.7,29.8,32.1,0,15639,21.5,2,52
800,16.9,48.5,11.2,34.6,28.5,0,22525,21.4,15,53
800,16.1,21,3.9,22.4,0,0,12933,19,3,62
800,17.3,81.9,11.7,21.1,28.5,0,16609,21,43,57
800,17.9,12.8,12.1,8.9,83.7,0,31618,16.4,2,29
800,18.6,24.3,10.9,26.5,35.4,0,21958,15.3,3,48
800,14.5,14.9,7.6,19.3,44,0,31268,28.7,2,36
800,24,16.1,10.2,36.4,37.9,0,4122,3.7,3,
800,20.1,23.3,16,13.5,40.4,0,10117,12.1,8,28
800,16.2,17.7,18.3,28.6,39.8,0,8663,20.6,4,43
